StudentID,Ability,Model,NumQuestions,AvgScore,AvgTime,Feedback,CognitiveLoad,HallucinationRate,Retention48h,Perplexity
1,0.4967141530112327,IRT-3P,20,0.6361735698828815,30.369304168724117,4,0.6868450123265756,0.0855808258440027,0.7010515284806527,22.095609329882425
1,0.4967141530112327,StaticQuiz,22,0.4869796231386223,34.311890601730084,2,0.8038714967614599,0.098252465024609,0.4437712470759027,27.910182157659037
1,0.4967141530112327,RL-Adapt,21,0.7251397866076219,27.11039450782372,4,0.4385618798445538,0.1083923204655669,0.6815386417503682,22.48887666089072
1,0.4967141530112327,PBAT,22,0.7439195036535283,23.826403414565352,4,0.4479113001448176,0.0439936131008119,0.6995814375144705,18.194880163311808
2,1.8522781845089376,IRT-3P,24,0.7630228193897037,29.86559457364709,3,0.5270549546168044,0.0877869782651224,0.4734880886077357,30.45996132178836
2,1.8522781845089376,StaticQuiz,23,0.5887599756733958,20.03291529563648,2,0.7238466579995411,0.1551410484356991,0.4884351717611759,32.89227413087498
2,1.8522781845089376,RL-Adapt,22,0.7618960333466945,23.309291691685203,4,0.5077133183224207,0.0762865315839646,0.5737577768626798,17.808517589672746
2,1.8522781845089376,PBAT,22,0.7326154599785829,27.44670515536347,5,0.5151409080539772,0.0567776740967334,0.7688908181447673,20.520806190994413
3,0.6622845136190623,IRT-3P,18,0.674112216258713,20.459233552262585,4,0.6599646975784821,0.1093788257086478,0.4876101665459963,29.7500269775359
3,0.6622845136190623,StaticQuiz,23,0.7571819762290437,26.63994939209833,2,0.7503532897892025,0.1219871147726384,0.5784208187653939,30.695869684078826
3,0.6622845136190623,RL-Adapt,21,0.7266313952391144,18.906247707042983,4,0.5833993293871537,0.0582692826055024,0.6839154455832748,25.49082039196207
3,0.6622845136190623,PBAT,22,0.9401058188070104,21.76602558842725,5,0.4148770069490824,0.0353303211482047,0.7824840630054313,19.684228597996466
4,-0.9553464447177048,IRT-3P,21,0.7871862133549776,28.87776646977416,4,0.6224083251525877,0.0748847072608211,0.6849921204062349,18.44337887124445
4,-0.9553464447177048,StaticQuiz,18,0.5855344332477491,28.305276360899448,2,0.6627012239371799,0.1125166883160022,0.6945115614486785,33.92664479738702
4,-0.9553464447177048,RL-Adapt,19,0.7362349061226807,25.169695458244675,4,0.5241058240759707,0.0481222461851986,0.5969809349297429,21.414108773033536
4,-0.9553464447177048,PBAT,19,0.6456860149290671,24.893944498203133,4,0.4454935364439323,0.0534490233504472,0.7143938865253258,19.275859605067364
5,1.4335154872899205,IRT-3P,22,0.7565793708549304,29.69910482093322,4,0.5492619850055428,0.0647474607156969,0.6168659387193294,18.390615246832805
5,1.4335154872899205,StaticQuiz,23,0.4698103961041106,34.013971554680495,3,0.5098148937207719,0.1865415131326953,0.4610541975696518,31.900383585660503
5,1.4335154872899205,RL-Adapt,20,0.7302581291792681,34.53302476839231,3,0.5698871532508303,0.083312674216244,0.6984386504678141,19.118808028564747
5,1.4335154872899205,PBAT,18,0.7611046361647017,21.322303063064787,5,0.5584954083512278,0.0548197913900289,0.7848519451034225,17.487255824710658
6,0.6771860655820995,IRT-3P,24,0.6143254974231807,30.780608992669823,4,0.3789470421474969,0.0823795698379197,0.7000485607762105,25.762104311296294
6,0.6771860655820995,StaticQuiz,24,0.4015659146946302,20.397716934578614,3,0.6608711799627386,0.1531729094108328,0.5920666715713071,33.412942811154466
6,0.6771860655820995,RL-Adapt,21,0.71810306155991,30.237007162883195,3,0.545351525662967,0.0675324934875714,0.6385607252233979,14.2617192179958
6,0.6771860655820995,PBAT,20,0.6966087551958147,27.62621443453532,4,0.4496600138744279,0.0461667669373409,0.6876231197858773,16.662507937011654
7,0.8672294989764441,IRT-3P,18,0.7458413836213299,31.17120148132145,4,0.856109521437826,0.0622097114074895,0.5184189715034562,24.61449145292948
7,0.8672294989764441,StaticQuiz,23,0.5909382369779973,26.295507227663247,2,0.7372161859353454,0.2320326647718522,0.5093765430151946,25.15516312972916
7,0.8672294989764441,RL-Adapt,22,0.6972376275124152,39.919690232449184,4,0.4975050561466524,0.0539366125290833,0.6885977932194548,21.1061488586966
7,0.8672294989764441,PBAT,18,0.8299800345864464,24.4895808228745,5,0.4739113564164101,0.0454753776765533,0.7743934856432525,23.13671350503895
8,-0.3421417126053812,IRT-3P,20,0.6714093744130204,21.771306106440058,3,0.4352280027175,0.1077920565629318,0.5144759481120189,19.86469120532201
8,-0.3421417126053812,StaticQuiz,19,0.6546936589192545,32.330992720488695,2,0.6949774038488734,0.2033677303165788,0.4333056625043487,23.15727220624788
8,-0.3421417126053812,RL-Adapt,19,0.7412038149044838,45.26365745327361,3,0.4555244081780306,0.0680839775730417,0.5251554342050185,30.00139235642441
8,-0.3421417126053812,PBAT,24,0.7772254700572266,22.861349032599744,4,0.4211066870766926,0.0559564365180432,0.5805923549428009,21.278077600502005
9,-0.5412854416399674,IRT-3P,21,0.7276823004425603,24.34816684141432,3,0.5716458589581975,0.0725095688181906,0.4708783886863816,21.17245317096331
9,-0.5412854416399674,StaticQuiz,22,0.6006776513996878,26.46402762419437,2,0.6013782714246876,0.1262243778470189,0.4885263558533101,38.5349109528632
9,-0.5412854416399674,RL-Adapt,22,0.7692604155336097,18.25585660087954,4,0.4725496748716721,0.0841807253513135,0.75131254842983,23.50918506184164
9,-0.5412854416399674,PBAT,23,0.8955945690535644,20.26570732822185,5,0.4660279302561306,0.0544381942814622,0.7742243837400535,17.21920858526575
10,-0.0595253560618,IRT-3P,22,0.520505752552014,27.47440747626793,4,0.5079952535372484,0.0827840822191363,0.6001813611194676,28.779676408958263
10,-0.0595253560618,StaticQuiz,22,0.666715944027855,34.72237419353896,3,0.6297542474168449,0.1518268982135148,0.5647162696787044,35.882663794768206
10,-0.0595253560618,RL-Adapt,21,0.8268813452916282,19.810922505865754,3,0.5384974182742501,0.0770058575909333,0.7409613934906767,23.787560579096272
10,-0.0595253560618,PBAT,19,0.7331717620878321,21.52766309838205,5,0.4696694307414523,0.043773004801794,0.7054314424749907,18.5209971960235
11,-0.5893647569442115,IRT-3P,21,0.7349602097021025,22.78519303198574,3,0.6826471668319049,0.0872402782388494,0.6581314134035724,21.851495713674435
11,-0.5893647569442115,StaticQuiz,19,0.6552105579942791,35.39152754911448,2,0.4625531125140488,0.1493729521810755,0.5117327383308782,43.94365427051898
11,-0.5893647569442115,RL-Adapt,24,0.6526742888931336,33.76429887919663,3,0.4648385699620578,0.0605971319569276,0.5426394156757315,20.696107436074044
11,-0.5893647569442115,PBAT,18,1.0,27.72781188517985,4,0.4282813270384581,0.0458870940934018,0.7888816481194163,20.31070425332705
12,0.2676360141631247,IRT-3P,21,0.8412317639839971,33.32613541273459,3,0.5701907441802796,0.06390526629849,0.4559347261193183,26.346588271262693
12,0.2676360141631247,StaticQuiz,22,0.6248943780462587,30.1417275463214,2,0.6824518316374555,0.2002587974900466,0.5888984294277153,38.47244963258112
12,0.2676360141631247,RL-Adapt,18,0.6653357274477951,27.019113637637336,4,0.3734676859508363,0.0711851352136608,0.7348553970544242,22.94994100648776
12,0.2676360141631247,PBAT,23,0.7297089045123295,24.14621139315261,4,0.5534776480375725,0.0412053215975324,0.6645796014941094,16.484069436648664
13,-1.5864636184263343,IRT-3P,19,0.6077822825049003,24.58828699439923,4,0.5451804514464188,0.0929511621802742,0.6536026534904857,29.200855796392126
13,-1.5864636184263343,StaticQuiz,21,0.6860010430082889,26.456199257715717,2,0.6901711722098942,0.1517223884326911,0.4155892267591253,44.5117164333291
13,-1.5864636184263343,RL-Adapt,22,0.6770922787067264,26.348263322594395,3,0.5786803445086772,0.067478938161917,0.6728140259719723,20.11232103483944
13,-1.5864636184263343,PBAT,24,0.7952044534525146,30.804574431180168,4,0.5171489578259645,0.0643675467254955,0.6708810016094519,19.57015022384876
14,-0.600604681249585,IRT-3P,21,0.5512770792327075,25.544182356252712,4,0.3376104275690194,0.0694848995663847,0.5240867338446302,25.75196893238104
14,-0.600604681249585,StaticQuiz,18,0.5111952641196158,18.69941289721833,2,0.4587293482935781,0.160874293764159,0.5571347510326788,41.79366674009248
14,-0.600604681249585,RL-Adapt,22,0.6901769000673987,29.24446620626775,3,0.3943813434383486,0.0974718814878153,0.744355209657703,20.123297391581183
14,-0.600604681249585,PBAT,24,0.8006834267096229,20.610616525733366,4,0.5307472310405508,0.0462498937163018,0.6714097832544754,20.329580219129745
15,0.3424569180075144,IRT-3P,22,0.8411529606509429,28.026218498590914,3,0.5546980593764742,0.0984830476617107,0.68128564642381,18.246390235292463
15,0.3424569180075144,StaticQuiz,18,0.4735317361508947,20.157049422290715,2,0.7035491809975205,0.0456549235909033,0.4731736938050487,31.37461420936056
15,0.3424569180075144,RL-Adapt,18,0.7714260291439083,36.303739624409936,4,0.6404272673954563,0.0762056919992811,0.7573670803444732,11.564847961262496
15,0.3424569180075144,PBAT,22,0.7341440301323146,30.95618069553792,4,0.511447761793608,0.0523346579648024,0.77618565789252,20.16221262278146
16,0.2403511560774776,IRT-3P,19,0.5316741487334224,17.803839111199498,3,0.5860169002135516,0.1143719874802737,0.6866070516042798,24.482119500491883
16,0.2403511560774776,StaticQuiz,23,0.6677856852076098,28.65350278531966,2,0.630532973812252,0.1925901893263123,0.5460737067563919,39.1027392330638
16,0.2403511560774776,RL-Adapt,21,0.7307252359151445,25.83652625952953,3,0.4081556075075407,0.0609661569567673,0.5044559640376056,25.65842206237634
16,0.2403511560774776,PBAT,24,0.7029123666607022,26.950693099693176,5,0.5197980655328475,0.0476468125809274,0.7527445682345396,20.045193144736984
17,-1.3656647864836555,IRT-3P,22,0.7004106859690534,25.348711908137798,3,0.4707127167737656,0.0810168513827231,0.551135991461192,14.270716200750291
17,-1.3656647864836555,StaticQuiz,23,0.6115529500949795,27.28737001512149,2,0.4217197509959202,0.1312428544933933,0.4726390256496031,48.7497707689643
17,-1.3656647864836555,RL-Adapt,23,0.684222266331718,24.1047117690884,3,0.415233668302668,0.0827703139690076,0.6003709021971558,19.054351310969416
17,-1.3656647864836555,PBAT,24,0.8205653081084898,28.19876489034083,5,0.4548303857951323,0.0348480893780144,0.8156811987211167,24.93490314050385
18,-0.2490360395563783,IRT-3P,23,0.7366849063342144,30.355184157090104,3,0.4527731452275929,0.0815896490363507,0.7523787410193808,12.716264715682604
18,-0.2490360395563783,StaticQuiz,24,0.5852399228331359,24.55615088272234,3,0.5853427115757474,0.1175535598915681,0.6687141635072564,41.17147829864615
18,-0.2490360395563783,RL-Adapt,20,0.6761515784517628,36.86421147686653,4,0.689946352279391,0.0852179903903094,0.614759635290118,28.32815273185512
18,-0.2490360395563783,PBAT,20,0.6733846632783753,20.456538009971013,5,0.5148324283272149,0.0690941664047013,0.6221002698326601,21.688907710071717
19,-0.6506425691218269,IRT-3P,20,0.6012874616235304,28.86983164584785,3,0.6407871947242428,0.0847464876951948,0.6273577403138628,21.379991016978504
19,-0.6506425691218269,StaticQuiz,20,0.4860903637335515,29.83170065259511,2,0.7331818176105263,0.0999178415663588,0.5543360192379935,30.361633687379072
19,-0.6506425691218269,RL-Adapt,23,0.7456478934874528,21.451535249257734,4,0.5510898919870115,0.063120710845855,0.6254626880542546,15.90283786732003
19,-0.6506425691218269,PBAT,22,0.8358415420205044,28.057008794436094,4,0.450755871536679,0.0434816389219784,0.7233179069921489,17.418759904148143
20,-0.3845555442298253,IRT-3P,24,0.5099784448986464,29.1483123211657,4,0.4898031321103616,0.0952050218927072,0.7106329104828443,28.85819074650668
20,-0.3845555442298253,StaticQuiz,20,0.8367853926661989,23.97792760934144,2,0.707707212718054,0.1439086384187102,0.5371145873371309,30.77210369298925
20,-0.3845555442298253,RL-Adapt,18,0.6593275236084998,19.790797416472333,3,0.5390435263503,0.093702011426128,0.6404119264507521,22.454917840851923
20,-0.3845555442298253,PBAT,18,0.8333993103558685,27.55186679608386,4,0.4776116499664808,0.0457901551917973,0.7402842399827488,26.22620239593632
21,0.8711247034316923,IRT-3P,18,0.617397646783216,25.49606808791203,4,0.7407018901910556,0.0664717395903192,0.3769670092374111,30.25796520335833
21,0.8711247034316923,StaticQuiz,24,0.4487746045305436,17.69545059572677,2,0.7496940068278404,0.1748821674355046,0.2788864690992114,36.64930190675996
21,0.8711247034316923,RL-Adapt,20,0.7616692155109573,16.663240868154453,3,0.4388166890435639,0.0568778992938294,0.6179701701465958,24.037512465344424
21,0.8711247034316923,PBAT,21,0.8673128938662207,26.918323697732347,4,0.5608121555769575,0.0454063910045975,0.6605108941374646,22.491007449632736
22,-0.8560838259088672,IRT-3P,23,0.7158705125709754,23.45421191457438,3,0.5152473266227046,0.0965827736917053,0.7286974963849594,22.7768122087718
22,-0.8560838259088672,StaticQuiz,22,0.2412482510338787,25.07230880016044,2,0.7369605920105661,0.1906691357641485,0.5413434903223701,48.13757068790646
22,-0.8560838259088672,RL-Adapt,20,0.7945579238897451,27.79085922680674,4,0.5136475362864691,0.0825334809752485,0.5787325326039138,12.701121354190397
22,-0.8560838259088672,PBAT,23,0.8333343290504966,25.85062304953208,5,0.6212026385731779,0.0512922118197522,0.7276576356223424,22.177299871696075
23,0.4810092317367132,IRT-3P,24,0.6723884024279132,29.25121966286824,4,0.4360245571843294,0.0674516223124504,0.5504610757068753,27.094197069342435
23,0.4810092317367132,StaticQuiz,18,0.5032854169927009,27.278624561443472,3,0.7594191518470949,0.1024977983688146,0.6415482802510849,29.42447928939689
23,0.4810092317367132,RL-Adapt,18,0.7528620185377712,30.26123244515134,3,0.3143410100817495,0.0690178396936381,0.714593388886624,25.362109001006225
23,0.4810092317367132,PBAT,20,0.7773055795986181,26.886752420791364,5,0.3429164987779034,0.0580443911011086,0.7089950274644884,23.24137960701605
24,-1.8449052402960937,IRT-3P,23,0.5827532150629485,24.72445116404534,3,0.523111130944517,0.0578694818251665,0.857335980324986,25.29609217007244
24,-1.8449052402960937,StaticQuiz,22,0.3864755675752025,17.44373160052988,3,0.6385155980516977,0.1546510987078655,0.7569926839690334,27.25026881779985
24,-1.8449052402960937,RL-Adapt,19,0.7831993951863864,20.9968985971353,4,0.287922415328559,0.0863726027788369,0.7496868153998103,13.706439070367402
24,-1.8449052402960937,PBAT,24,0.7590953545741038,22.13676052452553,4,0.4395085423266276,0.0552776476093166,0.7783256714334519,16.020382951670722
25,-0.3618909712330037,IRT-3P,21,0.643041017708699,34.11101673103968,3,0.3325676435913353,0.0944334412808647,0.487094822878277,22.37739866860113
25,-0.3618909712330037,StaticQuiz,18,0.6087249473473502,35.58328888227362,2,0.6940968181861269,0.1744159172437081,0.4059586225432097,36.6425640360856
25,-0.3618909712330037,RL-Adapt,21,0.7202204406030309,17.533669126451052,4,0.4279573691850285,0.0748919953336317,0.5499109138891758,25.696108076827603
25,-0.3618909712330037,PBAT,24,0.7670568504489907,19.00536239397218,4,0.5297410301003174,0.0631576650828216,0.5972825067143249,22.269054707862143
26,-1.4130243453417777,IRT-3P,23,0.5872689458322696,34.258257356999124,3,0.5711017467202619,0.0780657377625921,0.545508091319105,26.995680571760357
26,-1.4130243453417777,StaticQuiz,19,0.5841367107003449,27.19275757675446,2,0.6164284927113429,0.1903813262239415,0.7155239538433074,39.70580099089641
26,-1.4130243453417777,RL-Adapt,24,0.749391184777626,19.999150017991955,4,0.5014747146452314,0.075213725580425,0.6068192255752511,18.88678109839075
26,-1.4130243453417777,PBAT,20,0.7884453058196357,30.24836779899857,5,0.3359284909816571,0.055518636553095,0.8603901831947967,22.15277473937915
27,-0.4691477201949346,IRT-3P,19,0.7026937412631791,25.87892217394107,3,0.4853790638177001,0.0851205946862775,0.6982690983945514,33.32737222231288
27,-0.4691477201949346,StaticQuiz,24,0.6717244078021757,32.9308909116206,2,0.6757138130093971,0.1615084186145031,0.2630278590515552,32.56390839592213
27,-0.4691477201949346,RL-Adapt,21,0.7158846690317033,24.87497048314812,4,0.596607373634421,0.05536190120534,0.7342913437286271,18.20240444467223
27,-0.4691477201949346,PBAT,24,0.9642667445386174,17.980852637699066,4,0.4413274214881608,0.0560756686433135,0.6136574011909676,19.98399058749001
28,-0.6587688257813566,IRT-3P,22,0.6874585109450978,22.755858329591614,4,0.5465011509503038,0.1154160127127102,0.5373032942212232,34.062242789984644
28,-0.6587688257813566,StaticQuiz,24,0.6682867260188277,24.02767725930889,2,0.5180652110862595,0.1432126434297397,0.60645686780267,35.837239682209486
28,-0.6587688257813566,RL-Adapt,24,0.7447832358344831,31.403903627773108,4,0.5031793356728341,0.0701702271846432,0.6713640308278763,24.9378112298012
28,-0.6587688257813566,PBAT,20,0.8372939314246978,25.535390616984,5,0.4750268370686054,0.0441273058223382,0.7065054148932974,19.5378898520998
29,1.3568567742188886,IRT-3P,24,0.6140562725975098,28.141591880652307,4,0.5529756139495746,0.1238213201111943,0.6340067630525231,18.62965507523338
29,1.3568567742188886,StaticQuiz,21,0.7196848553203322,21.787575628864307,2,0.7777926829238165,0.193325192356469,0.3095487928134828,36.22794752710079
29,1.3568567742188886,RL-Adapt,23,0.8110872897155346,31.15922269734317,4,0.3811551701570422,0.0851520549883816,0.6342991040578969,17.623583598006213
29,1.3568567742188886,PBAT,19,0.6139869034664154,27.853598360821785,4,0.4532912049186621,0.0497572272010805,0.6811343200609866,15.183773026446314
30,0.5678534737712714,IRT-3P,18,0.6054497478599228,35.2669223855885,3,0.723772942874446,0.0833695231882997,0.5991135977343622,24.32663622958701
30,0.5678534737712714,StaticQuiz,23,0.6045476178759587,30.72019135324581,2,0.6465315112613219,0.1570264419760956,0.6550500492814078,28.01152171482846
30,0.5678534737712714,RL-Adapt,21,0.7450463099178056,18.337363290413396,3,0.6847778204324949,0.0600415462968,0.7433682331506909,28.48443423115086
30,0.5678534737712714,PBAT,22,0.7508892861011751,24.58380097280145,5,0.4053829010885437,0.0618901653110755,0.8194352973592898,18.28776111875157
31,-0.8323555731042287,IRT-3P,20,0.6971415556386404,24.473946318351093,3,0.4796379937073554,0.0773388383065786,0.7125678784369629,17.530851793928797
31,-0.8323555731042287,StaticQuiz,22,0.4640732655119207,28.429326953624525,3,0.6834456789987026,0.1537546409118866,0.522964517693798,28.240676800859937
31,-0.8323555731042287,RL-Adapt,23,0.6317268768200276,30.4205041827959,4,0.4239452966875738,0.0782660161821386,0.6531102086338357,22.17308677897716
31,-0.8323555731042287,PBAT,20,0.8521331394305081,23.042242229927112,5,0.5230912613948351,0.0610371386939059,0.7292796247575349,20.47208450387089
32,1.731320579909177,IRT-3P,21,0.7320482181197364,30.53637015553649,3,0.457173054858355,0.0918873761784633,0.7040205928223662,24.526233132107983
32,1.731320579909177,StaticQuiz,19,0.5055611957683245,22.832205063603663,3,0.8067307866638953,0.1602932724885527,0.4217904314727531,30.694873920621426
32,1.731320579909177,RL-Adapt,22,0.7152879254415923,26.232182740780743,3,0.4773512799011797,0.0567695898818885,0.618724914426782,19.31827373181496
32,1.731320579909177,PBAT,24,0.8176615648357791,25.191816201132426,4,0.3670205996723782,0.0460110750774644,0.7739297651981649,22.030310812150866
33,0.518639647613567,IRT-3P,21,0.5875293276837896,33.36815874929886,4,0.447348470058894,0.0753201866619567,0.7846806040086968,22.067259557393285
33,0.518639647613567,StaticQuiz,20,0.7792965506150542,28.83551133394033,2,0.5974194612687044,0.1840981431511368,0.4543032676422575,34.209057526923395
33,0.518639647613567,RL-Adapt,21,0.6020051959848838,18.75993049791878,3,0.3240955234703934,0.089479896012465,0.6586143895781285,25.33634287443321
33,0.518639647613567,PBAT,24,0.7453707641757552,29.487412757707396,4,0.5417380677284549,0.0315322756552859,0.6803331411242926,23.490456374093775
34,-0.9293321941022736,IRT-3P,19,0.5248460575809556,35.2188230203663,3,0.8015546207874226,0.0468717258904968,0.5581079880751453,22.591133685075803
34,-0.9293321941022736,StaticQuiz,22,0.6349258649499545,30.612700401450383,3,0.612979057718675,0.1506992280265761,0.435002678813653,41.56056535074394
34,-0.9293321941022736,RL-Adapt,21,0.8310490199638112,33.5051942000223,4,0.3913383042621318,0.0652585319734521,0.5907334073625838,21.94284387444013
34,-0.9293321941022736,PBAT,23,0.8423516658642424,18.128825504953472,5,0.4187671596749654,0.0311045926905446,0.6883385576525646,12.72836202011313
35,-1.5839028234857233,IRT-3P,22,0.7260414656144297,29.28998496060033,3,0.5969116709781064,0.0747335619477207,0.5596710498026879,37.01013140917728
35,-1.5839028234857233,StaticQuiz,21,0.5472876292666217,32.91707124769593,3,0.5839292751742865,0.1562514842384265,0.2958265131575709,33.26975832235582
35,-1.5839028234857233,RL-Adapt,18,0.6454412601601761,23.644459138486503,3,0.5860099420173831,0.0729311542749495,0.5649893778067119,25.955530949236078
35,-1.5839028234857233,PBAT,19,0.8236316864658223,25.4070562919505,5,0.4308177730026438,0.06399355436586,0.7847243578038938,20.17889110976052
36,-0.6469367777055739,IRT-3P,19,0.7765197251623699,30.796796043641656,3,0.5614533366215464,0.0990029094199766,0.5802046873431669,31.58639113365593
36,-0.6469367777055739,StaticQuiz,20,0.7522777961702998,24.698522779030768,3,0.5848581996385552,0.1354834249783703,0.4679652691805679,37.96916162481342
36,-0.6469367777055739,RL-Adapt,24,0.8337216188324328,24.979847095094694,3,0.5494949238278325,0.0869398665630925,0.8872008281376578,21.61348437350712
36,-0.6469367777055739,PBAT,19,0.688214529287742,29.793779811326743,5,0.452660243471774,0.0512003132671826,0.7629462580911291,16.931622304404783
37,-0.2573765374233451,IRT-3P,23,0.4831415926122411,27.541203380002496,4,0.6002789721040757,0.0427133694338181,0.5098399253964427,17.19096569302264
37,-0.2573765374233451,StaticQuiz,22,0.7902084523036162,34.84354505505465,2,0.4956462188164887,0.1448211810017754,0.5883659937486673,39.56626014889394
37,-0.2573765374233451,RL-Adapt,23,0.57388862744126,19.613897670384585,4,0.376097614199023,0.0906520523931839,0.7121612876605832,23.60650202196589
37,-0.2573765374233451,PBAT,23,0.7320072803242734,22.79877938461832,5,0.4029863642443364,0.023901582070171,0.7464998207666441,19.67802201321027
38,-0.7359519192000298,IRT-3P,23,0.6343269601777475,33.3120075493756,4,0.7311692056119027,0.0976945284350827,0.6268216808277696,21.43191722129618
38,-0.7359519192000298,StaticQuiz,18,0.3946382229134914,32.8041339368926,3,0.4881542166319724,0.1963801244280038,0.4233046761117569,29.678955094194556
38,-0.7359519192000298,RL-Adapt,19,0.5323873981856011,27.27086946123101,4,0.4869226130638234,0.0528223386394692,0.6970210388226998,22.460607196098334
38,-0.7359519192000298,PBAT,18,0.7555943505914499,23.602969182726284,4,0.3354292506090461,0.0620569146008143,0.8246282002755065,20.533267680741208
39,-0.4677127721408569,IRT-3P,24,0.8291143786862627,26.483457690320257,3,0.5879726186940124,0.0735675372790807,0.5548994969870072,25.74588630172468
39,-0.4677127721408569,StaticQuiz,20,0.4926783824926952,30.663200386077897,2,0.6419283419891418,0.1557281325231994,0.4105436767586216,28.83224995331477
39,-0.4677127721408569,RL-Adapt,19,0.8292766802670994,26.69671296810632,3,0.5362027913457068,0.0468330325959029,0.6902743266081502,13.51377623444473
39,-0.4677127721408569,PBAT,23,0.8005095469216369,29.432731266950064,5,0.3772065851012128,0.0426731580874238,0.7553799002637372,21.79998262377451
40,-0.81007308420949,IRT-3P,22,0.7573087345410313,27.180195601990395,4,0.6305192674780948,0.0556205495492774,0.594837152770773,25.98291036743869
40,-0.81007308420949,StaticQuiz,23,0.838409870228593,26.711906014832078,3,0.6873396191913556,0.1652104729346157,0.5198289377371865,33.18275924285368
40,-0.81007308420949,RL-Adapt,21,0.6138671593457867,29.342039804711824,4,0.5404751869226979,0.0848553011655626,0.5019247713683785,25.773855367461472
40,-0.81007308420949,PBAT,19,0.7755103157384905,26.31504964121392,5,0.4265844745550277,0.0520619098202932,0.6776963001387352,19.019888015066524
41,1.2231901054266583,IRT-3P,21,0.7194233410485984,33.23460063825006,4,0.6069950305341383,0.0727159503302412,0.675287567761397,23.4022161884046
41,1.2231901054266583,StaticQuiz,23,0.6637812190434762,26.13464087858065,2,0.6515579047581468,0.1901434564934304,0.6586373880159017,20.86311115715982
41,1.2231901054266583,RL-Adapt,22,0.7857120728298976,18.23636466091981,3,0.4757171211538242,0.0654545253850295,0.6472237343976088,17.24605311229427
41,1.2231901054266583,PBAT,23,0.8018455593173769,22.247398619289104,4,0.6076705063741017,0.0562239687052328,0.7240881030471867,20.268824479782825
42,-1.1813939832988014,IRT-3P,24,0.8828619008421567,31.625756996908702,4,0.7124382058600213,0.0865026729726354,0.6179416812831269,34.10390188357678
42,-1.1813939832988014,StaticQuiz,22,0.6410714307744119,28.40595711984688,2,0.5313302882312066,0.1959219717761398,0.4903114170384925,25.13342077768764
42,-1.1813939832988014,RL-Adapt,20,0.6973050778473027,21.248259084491327,4,0.6639343138147858,0.0741715902863794,0.6546236468468176,25.0786310053825
42,-1.1813939832988014,PBAT,19,0.8860162293812708,28.092332756710107,4,0.3758952455422043,0.0506316545930717,0.7430521049606242,21.184477233223102
43,-0.5812351730828322,IRT-3P,18,0.5604490597854902,20.035031332341653,4,0.59404747379604,0.0635475716902179,0.5849658077419096,22.691852048717696
43,-0.5812351730828322,StaticQuiz,22,0.6882799130489805,29.359806666233045,2,0.6639215408644903,0.1574249339051163,0.725045476781627,44.27688335726832
43,-0.5812351730828322,RL-Adapt,24,0.7337610528565575,18.986973641001534,3,0.6399661394549552,0.0726476691424411,0.671232306267883,15.527156821147354
43,-0.5812351730828322,PBAT,21,0.8062550340277945,28.211606472582744,5,0.4107686293957333,0.0602883829541281,0.7598855668332638,18.296734810477417
44,0.4321926514654048,IRT-3P,24,0.5312401580970487,29.549103551135136,3,0.5419740953792455,0.1018654181091986,0.4688159871835831,25.721250114086956
44,0.4321926514654048,StaticQuiz,22,0.6969501325151373,35.11698281149523,3,0.5173579313141007,0.1725810644571788,0.4452904702612899,36.14501334912058
44,0.4321926514654048,RL-Adapt,18,0.6357060345624215,34.195584027220335,4,0.6366837095813509,0.0638121302122428,0.6811968468823921,26.816272075539537
44,0.4321926514654048,PBAT,23,0.6663867874573979,27.25338185002009,5,0.5066677490404136,0.036900228417176,0.6057949425031084,24.74286288470961
45,-1.4371667607422924,IRT-3P,24,0.5277762202924436,28.17041734129613,4,0.4730026768941359,0.0695817236132663,0.620542859627147,18.273157738822505
45,-1.4371667607422924,StaticQuiz,19,0.6488817796718023,21.52358273951753,3,0.7232975179261482,0.1868300697741987,0.3790358981308794,46.70800670786392
45,-1.4371667607422924,RL-Adapt,23,0.7335215207492836,30.342217553704977,4,0.356317681081354,0.0551396141704344,0.700353086790943,18.34016372886921
45,-1.4371667607422924,PBAT,18,0.785689378993692,15.657709103333488,4,0.4150491932299602,0.0390768723532742,0.6978514085213638,23.63929309993755
46,0.1417169136399047,IRT-3P,22,0.6263419649270859,26.018030824760977,4,0.4972530676386144,0.0872335317084731,0.6503736046212425,27.911979799920317
46,0.1417169136399047,StaticQuiz,19,0.4681558740160823,21.12755058753431,2,0.4663794626896703,0.1652397398073763,0.3896633393826126,19.929765849332615
46,0.1417169136399047,RL-Adapt,21,0.7292240794417431,33.01036073608922,4,0.4692126494442299,0.0769595842438519,0.6149130234994163,26.66521098894716
46,0.1417169136399047,PBAT,19,0.7987174619850332,26.286791224784054,5,0.4904681968231725,0.0447759786577297,0.6896122874352814,18.36866170032998
47,0.0873149740085638,IRT-3P,19,0.7046691605771314,26.87426736324989,4,0.5697578922051408,0.0982474922792574,0.440228808022659,22.418719920314366
47,0.0873149740085638,StaticQuiz,20,0.6618131316890448,21.674431684623137,2,0.6194775295645333,0.1481843843308107,0.3948305111900298,23.931197003563632
47,0.0873149740085638,RL-Adapt,22,0.7028888140264102,28.5387883515575,4,0.5043190734756634,0.0798627941124381,0.6613640755459688,20.50469042380227
47,0.0873149740085638,PBAT,24,0.824283490984899,20.16122102863557,5,0.4919950110997343,0.0334356713482884,0.8079505439641632,23.43196375760649
48,-2.015599436663098,IRT-3P,19,0.5811333245037057,27.68671521898778,3,0.6145917825793812,0.1074861902635819,0.5401506383283664,16.29509071315813
48,-2.015599436663098,StaticQuiz,18,0.4763916803750873,25.48765156755936,3,0.743725808956394,0.1956399048399649,0.3725631253620621,39.38253497855472
48,-2.015599436663098,RL-Adapt,22,0.5772561098892433,30.56217624629583,4,0.5760430406342755,0.0763799359071489,0.7201663015480471,24.6942605727468
48,-2.015599436663098,PBAT,24,0.6843184911109206,24.100938392429267,4,0.3139208799360407,0.0769971414041951,0.6915658432964716,16.51307853083715
49,-0.2326719085199985,IRT-3P,23,0.5453522057375572,32.31550113085316,4,0.4703559818940421,0.0891507469229646,0.4806403089679004,29.676190806998136
49,-0.2326719085199985,StaticQuiz,22,0.4907475306701801,26.923450754135025,2,0.7079291499601088,0.17448352308172,0.3691951478441581,22.800229677864973
49,-0.2326719085199985,RL-Adapt,22,0.699603041276797,20.03470022544882,4,0.4967929189874757,0.0809851758163246,0.5509363449299163,23.77122552408366
49,-0.2326719085199985,PBAT,22,0.8644148765331612,30.884681309974432,4,0.4353473425993693,0.0546504546101518,0.7316656979994459,20.975530389587192
50,-0.1667240330868389,IRT-3P,21,0.7088199934971857,30.54334124793568,3,0.6242095372009308,0.0859858516081298,0.7301741289398798,32.807555983634266
50,-0.1667240330868389,StaticQuiz,21,0.6713034688446208,26.34742460051503,2,0.6588646697398013,0.2016638581705491,0.4771017138509753,35.630299863573
50,-0.1667240330868389,RL-Adapt,18,0.7634445104525943,32.1387612990965,3,0.3922298968376242,0.0554257894223402,0.746033112635554,19.372422884114417
50,-0.1667240330868389,PBAT,24,0.7372377075901988,29.77812749802578,5,0.4697780468274755,0.0429214732325681,0.6652801235571622,22.638777763959094
51,0.47685790378160897,IRT-3P,21,0.4222469504330696,22.15562330985024,2,0.6283837134131753,0.08423162949395668,0.44301412727333306,23.02775567418199
51,0.47685790378160897,StaticQuiz,18,0.41488919963439225,36.199924358705594,5,0.49548567001328386,0.08672822352338123,0.6767543155627906,23.667841159506125
51,0.47685790378160897,RL-Adapt,24,0.7482195166734209,39.5018770523289,5,0.7252614350965181,0.10578128990854983,0.5809794004249963,27.82009696573551
51,0.47685790378160897,PBAT,22,0.8353787660790467,30.21161885704836,5,0.3491394175627208,0.036499880262603576,0.6823480054110014,22.196980156308513
52,0.4196759325645962,IRT-3P,23,0.5522485526849579,20.5114684401363,2,0.40569533235473637,0.08403687252831193,0.3380580174337797,24.135022842516168
52,0.4196759325645962,StaticQuiz,20,0.6914294891892921,21.728990901217394,2,0.6190086429351256,0.07298671171753021,0.7604229451303068,27.714283933939257
52,0.4196759325645962,RL-Adapt,18,0.7464948370775184,22.00058186019737,2,0.6020297094541514,0.11698763459652478,0.6841509884579746,26.68636733896416
52,0.4196759325645962,PBAT,23,0.8074829912144721,20.225825300598363,3,0.44541686996598073,0.0020456467304780374,0.7591972815613042,22.4916169950634
53,0.3137969980655245,IRT-3P,24,0.6101458572274058,20.210667818710817,3,0.5428090173888452,0.09499151958836075,0.4863655784480918,27.11921258511238
53,0.3137969980655245,StaticQuiz,24,0.675312670473925,36.27809906921772,4,0.4961559646359846,0.07200805478933636,0.5861918795083882,22.651901314853294
53,0.3137969980655245,RL-Adapt,19,0.6359449997599687,34.63615149371044,4,0.6453990113282936,0.11201329447979894,0.6788030598939391,22.000667162691858
53,0.3137969980655245,PBAT,20,0.7300129490519879,25.326959956313946,4,0.49363439825953354,0.04207603096499875,0.7770132817291173,17.87899791736691
54,0.39114722412828323,IRT-3P,18,0.7746937158766983,26.52170415986869,5,0.6339450351946921,0.10926253074641075,0.49327887898720724,26.64248130532647
54,0.39114722412828323,StaticQuiz,21,0.6632576038935809,32.76503705594597,2,0.6247733597952964,0.0694510542527816,0.5305369707657387,25.910150244845756
54,0.39114722412828323,RL-Adapt,18,0.5682216319517812,21.995366250713083,5,0.5830270506360525,0.1207516219238303,0.4156679561680334,21.797992075517612
54,0.39114722412828323,PBAT,21,0.6389596568302115,34.96749206564639,3,0.48892215669877265,0.03135768619743721,0.7864428176297977,20.833727660141406
55,1.3674582242622821,IRT-3P,20,0.4337321918378094,35.33938337013595,4,0.6722223683638031,0.10231303740749512,0.4851443490335971,26.0622685795334
55,1.3674582242622821,StaticQuiz,18,0.7180772125432175,30.160988701592405,5,0.3480205061478036,0.11927444251217655,0.5419911079797768,17.577777012483757
55,1.3674582242622821,RL-Adapt,21,0.5766414426363509,32.5133555530948,5,0.5739859080167042,0.11466501441497029,0.45677167089496323,23.389264214075453
55,1.3674582242622821,PBAT,18,0.7167186974735996,30.56858224122493,5,0.5112291931946698,0.04570356594969837,0.7271544909147278,17.311659438917168
56,0.5316700160300308,IRT-3P,18,0.675235015431271,20.981949145241455,5,0.6354084581572818,0.08695203638392018,0.6660876030384845,20.62956428037645
56,0.5316700160300308,StaticQuiz,22,0.658215050322188,34.44031758334381,2,0.6086100176296355,0.10717229020767041,0.4654108090974424,23.32594896849186
56,0.5316700160300308,RL-Adapt,23,0.6447484602008959,28.54094473889657,5,0.6796104522160191,0.09320217265450001,0.5680154360202626,25.678292215474546
56,0.5316700160300308,PBAT,19,0.787874559540255,21.163335827574326,2,0.5460388111158748,0.05783714856089305,0.594644909671587,18.841608759897106
57,0.8662437288151406,IRT-3P,24,0.7476979361732066,20.468641345502927,4,0.5444567279322922,0.06015895986403985,0.44834243234935256,28.005021779557566
57,0.8662437288151406,StaticQuiz,24,0.7354517463198192,34.88404055140262,3,0.6034794089628112,0.1213559895400491,0.6999400056067356,19.38935559629018
57,0.8662437288151406,RL-Adapt,20,0.6511969646139497,37.51006501797167,2,0.5225045109022656,0.08390479471986216,0.39820440268310653,26.58994266017303
57,0.8662437288151406,PBAT,18,0.8073458709097018,29.650927115390235,3,0.5695279430674516,0.07221272451913462,0.8563272643871309,20.084625747762768
58,0.8161868299467179,IRT-3P,21,0.6923722456417638,36.37493343801985,5,0.6137508632924091,0.10277986068425654,0.45131628119502765,26.647505375826746
58,0.8161868299467179,StaticQuiz,18,0.6547579203024066,21.833041743291172,5,0.6080448188503011,0.07140412188579874,0.4943706199987672,28.640070975034085
58,0.8161868299467179,RL-Adapt,22,0.7615455720726202,23.382034247770584,2,0.7915169241823201,0.06032205754738524,0.6642892208633946,27.01572973496213
58,0.8161868299467179,PBAT,23,0.8328684030753841,26.538513265930277,5,0.5286682341351692,0.0506537722670154,0.6039578284392805,15.432464170276909
59,1.0400256071722689,IRT-3P,24,0.6148027710721411,38.447746783260236,2,0.6701823234182147,0.07375136485276335,0.6712960676113411,20.885133155313497
59,1.0400256071722689,StaticQuiz,18,0.8607906790566898,27.400213247197634,2,0.4741037749099687,0.11372691811826954,0.4825556302760974,22.48180326376783
59,1.0400256071722689,RL-Adapt,21,0.7087360693008119,21.448682450153292,2,0.5675428363806515,0.08553754029003849,0.3840803392491479,21.260336543539946
59,1.0400256071722689,PBAT,24,0.7679448341308809,27.497149381179554,5,0.5580782844678962,0.0433965321551991,0.6239671078717604,16.832615422659327
60,0.48588807097108855,IRT-3P,20,0.5145165515527813,39.64018832143443,3,0.6784819577628215,0.0847783821921363,0.4491034800074713,22.026657947832664
60,0.48588807097108855,StaticQuiz,22,0.6523155019115101,33.52188551504881,5,0.6248550714433023,0.09512981325451239,0.6408866475349775,22.5579184445185
60,0.48588807097108855,RL-Adapt,22,0.7066210174941439,39.36207057624095,3,0.5562289271179535,0.05648281231985597,0.4417950327033578,25.25438138517929
60,0.48588807097108855,PBAT,18,0.7266501115299431,24.07273085680294,5,0.20532639004948172,0.02234123910727212,0.6038467060811441,17.48177588990239
61,1.0670075760712812,IRT-3P,23,0.7187598116363003,21.010376744551596,2,0.6862296171983776,0.09155411638061206,0.6254827817439859,25.862417833258544
61,1.0670075760712812,StaticQuiz,22,0.7194395496407864,25.594823296082296,5,0.6016931931624053,0.10993202613589995,0.5615651740345746,26.83498162428833
61,1.0670075760712812,RL-Adapt,20,0.48249496304008277,30.576625335925772,3,0.5253575483138958,0.09618879426054483,0.6710468148478378,22.477504539155923
61,1.0670075760712812,PBAT,21,0.6851847606953035,33.66050758942677,5,0.3975248098277436,0.048980274507303356,0.6755362841387246,16.874981414432554
62,0.5784244733415325,IRT-3P,19,0.5417801356741834,20.98363954822281,2,0.6955217712054755,0.1029493435713508,0.6142379027903349,23.54705626659126
62,0.5784244733415325,StaticQuiz,23,0.7542503038666123,31.31687739338905,3,0.530713379229528,0.09375009243488698,0.5145419086895582,28.58731476705407
62,0.5784244733415325,RL-Adapt,23,0.6483556561985364,34.41848145471619,3,0.585084283487379,0.08939559786352057,0.6257684754780687,21.837918918785725
62,0.5784244733415325,PBAT,20,0.7125498576192781,25.067169955195638,5,0.3969587658268696,0.051243996019015206,0.7516511881768642,13.33475003268663
63,1.314873411897472,IRT-3P,24,0.5270557580130789,26.270644706439974,5,0.5959700763962912,0.04899080671354468,0.5129833149593708,23.906390916175294
63,1.314873411897472,StaticQuiz,20,0.7388067853697957,29.628024267209415,3,0.5695033994208643,0.057561418778871574,0.48961713385482697,26.180966164802115
63,1.314873411897472,RL-Adapt,24,0.623000023571475,31.206494145933597,2,0.6161991198020214,0.12764278063544204,0.4897594170114883,26.92535594291193
63,1.314873411897472,PBAT,23,0.7967579760115843,22.664984729108546,3,0.42295594334066666,0.06498763615454733,0.7144095879613086,16.15067186760885
64,1.0757446186056452,IRT-3P,18,0.6279637764510022,28.9868293258812,4,0.5089607447694668,0.05672024385471956,0.46282257633011686,21.4946438442319
64,1.0757446186056452,StaticQuiz,20,0.5194547605624417,33.93118088021809,3,0.47847069885247323,0.14480798157557997,0.44764420211984624,23.649977255845823
64,1.0757446186056452,RL-Adapt,24,0.6649880570973837,20.701519622265423,4,0.5573321527809443,0.0489747238204589,0.6880080710100294,21.35764129652558
64,1.0757446186056452,PBAT,18,0.7292574227545787,21.16410888084941,5,0.38293988539428225,0.0599043991996561,0.6941160370656465,23.613929571319368
65,1.032754901923391,IRT-3P,20,0.8093121192467052,36.65285827857349,3,0.7127154959854364,0.11426417867967517,0.662372314189269,21.63176702901375
65,1.032754901923391,StaticQuiz,23,0.4665795854329703,24.71208745449665,2,0.5357959162148342,0.10061495234533076,0.40147921255361396,28.252405260502027
65,1.032754901923391,RL-Adapt,22,0.6029345558203367,27.872586817426907,4,0.5390965128372391,0.04042321331790797,0.49936063533541186,24.623920452519652
65,1.032754901923391,PBAT,24,0.8582064568087837,26.789134054828263,2,0.4384708430530259,0.03263862562084324,0.716384655289741,21.402541416897492
66,0.27847951151530403,IRT-3P,24,0.7710637354237573,33.040385084992174,4,0.6057740304567676,0.09800958749528896,0.6395031770442222,26.726036447729964
66,0.27847951151530403,StaticQuiz,20,0.8226017482801155,38.442641448785224,3,0.588630837734476,0.09991460260005461,0.524317373102226,20.058444801348916
66,0.27847951151530403,RL-Adapt,21,0.7897569520301638,39.899784045978016,5,0.4977028701037115,0.08745895660642898,0.47337731290136875,27.399472993212097
66,0.27847951151530403,PBAT,20,0.677614127576176,38.84328528191236,3,0.6407595367379171,0.06941612075068039,0.5606531663884213,19.39863221247041
67,-0.3387012507082896,IRT-3P,20,0.7379634514067364,20.51095730321032,2,0.7123626323574889,0.051503095285604886,0.5003532343309666,27.936988087348947
67,-0.3387012507082896,StaticQuiz,20,0.5378329917467208,22.345940167931627,5,0.5568775607498031,0.10392656693871928,0.47489249297924496,29.532749858817166
67,-0.3387012507082896,RL-Adapt,23,0.6095913920970542,26.28377009547802,3,0.5688349097621036,0.09126955221170797,0.46790226361823684,22.183498641324643
67,-0.3387012507082896,PBAT,24,0.7619997054726261,34.021207848274805,3,0.4502272612478548,0.029890304096058792,0.6905910117383983,18.217199878056757
68,1.2449197411207296,IRT-3P,20,0.6081373701713052,39.1433729446416,5,0.6254809401069507,0.10504826255157859,0.3432235069740392,25.34754214762207
68,1.2449197411207296,StaticQuiz,20,0.6546006436718858,25.969549694442172,5,0.7929801333661817,0.08464258621040732,0.7021300139037171,22.589642624335372
68,1.2449197411207296,RL-Adapt,20,0.6200760640226566,35.634364170019666,4,0.6852895302447568,0.07766898574479507,0.37807053063005197,24.70652523990198
68,1.2449197411207296,PBAT,18,0.8168346366104171,31.031611981700657,5,0.458937758301333,0.05364502380149448,0.6252589408334279,26.17518786813432
69,0.6947428113184447,IRT-3P,20,0.7685110097378883,25.660232994318115,2,0.7898227355242746,0.11229159285724602,0.7445629293605851,26.560481040767232
69,0.6947428113184447,StaticQuiz,20,0.5883172316889078,23.4000093558573,4,0.47317071636627817,0.06330663321639335,0.5413271918355973,15.590110745041939
69,0.6947428113184447,RL-Adapt,24,0.6624183853945926,22.454368947952176,2,0.5716366894585351,0.06220080113152821,0.4974170719610048,31.14281471578802
69,0.6947428113184447,PBAT,18,0.6874210301243984,20.12985533182947,3,0.5502389515510844,0.07412164860807809,0.7611658488828269,20.377861799658334
70,1.1760775568072883,IRT-3P,18,0.6644975537887555,22.33949513477259,5,0.637789547789255,0.10149241540579615,0.42127331878170443,23.182189783418707
70,1.1760775568072883,StaticQuiz,19,0.6341379963186482,37.727491527725036,2,0.6718879587084212,0.10396898189904658,0.5094120993027375,23.86485256753085
70,1.1760775568072883,RL-Adapt,24,0.7962078820400412,26.947681635069543,3,0.5561920829780099,0.13797605640176958,0.3745924355302007,21.61083126067798
70,1.1760775568072883,PBAT,19,0.767781434836526,21.788063048973967,4,0.5692465549352199,0.01405683907300418,0.8130710743846957,18.625687537012187
71,0.9420607009910036,IRT-3P,22,0.6755693183461836,27.884146819249175,2,0.5085023591043533,0.0730786214393406,0.6021037677038844,25.28439996083936
71,0.9420607009910036,StaticQuiz,21,0.6737184971249567,35.3123754777999,4,0.5828308408859441,0.07601568480523106,0.5801534200478305,32.126520007155754
71,0.9420607009910036,RL-Adapt,22,0.5730498162894755,26.966667313871234,5,0.5420730343018835,0.09753884542331435,0.662026489947,29.519991087887913
71,0.9420607009910036,PBAT,24,0.6367511182004243,37.70191132482151,2,0.5190395531535967,0.05020642280593175,0.7032144578453368,22.808005875164767
72,0.5234794163505427,IRT-3P,24,0.5209491801215633,29.837811772115362,2,0.6687252079679139,0.09605371144702564,0.5703352526873721,19.55394160325046
72,0.5234794163505427,StaticQuiz,18,0.44194606792496804,20.251416329650038,3,0.637337650061462,0.07182849036705148,0.6883926991487421,29.38766094370525
72,0.5234794163505427,RL-Adapt,20,0.6895550809034855,25.69151465953863,5,0.7633786090854583,0.09610391521540786,0.4996957815143071,29.21300272323989
72,0.5234794163505427,PBAT,21,0.8367115538421213,21.54813002779193,2,0.5035201041626061,0.03770507166475952,0.7504741784518313,20.898578321636453
73,0.48337656780911387,IRT-3P,23,0.66545698366807,35.50526564012781,5,0.6349582064552468,0.029744684333984923,0.5034476810773864,27.663378714933923
73,0.48337656780911387,StaticQuiz,19,0.5528173841250292,22.139127943851598,3,0.6962993704357702,0.09554134674649442,0.504784977771044,23.17699662323381
73,0.48337656780911387,RL-Adapt,23,0.6907939254465288,31.612881888872117,3,0.5047630184614109,0.08080589761110817,0.5852468789934473,27.817754476490368
73,0.48337656780911387,PBAT,22,0.7286963188999421,30.712953464830854,5,0.3179334976793796,0.049508285375592105,0.9869877654363397,17.749470575234724
74,0.7761588512160944,IRT-3P,24,0.5891394905862971,36.55967263453829,2,0.6659333867209583,0.07806604182302938,0.5313892768968101,23.319966293577775
74,0.7761588512160944,StaticQuiz,18,0.912805409472111,39.1520300707053,3,0.5070473245261469,0.07252948184115598,0.48317881358372583,27.04849984431104
74,0.7761588512160944,RL-Adapt,19,0.6990509150749131,39.58481361091757,3,0.6542068919981061,0.07658827239734775,0.5452716435531031,22.68112408551531
74,0.7761588512160944,PBAT,23,0.6700086677870751,28.48362370654766,3,0.28560587102014684,0.05784016896786016,0.6981160465077427,17.013613587998613
75,0.6955639868955932,IRT-3P,24,0.6433823775861736,30.81757789485235,3,0.71366904037794,0.07787439545885409,0.5930576117986391,25.47246429073428
75,0.6955639868955932,StaticQuiz,18,0.7002261663852863,28.180087550817046,2,0.7421220334808507,0.07809923916260961,0.6941368703924458,23.122037578100258
75,0.6955639868955932,RL-Adapt,24,0.5637061211242238,26.883404609195154,2,0.6389762782864027,0.10442300222472578,0.5735582378814609,27.836773397677444
75,0.6955639868955932,PBAT,18,0.6708911209656844,38.390248344163425,5,0.44645446821652557,0.07559671534364347,0.6070879693915923,19.020024314706063
76,0.7330253283586049,IRT-3P,18,0.6742817720050465,27.613513756999023,3,0.4989397626587167,0.0970866310773429,0.3210557266398598,23.511212093044854
76,0.7330253283586049,StaticQuiz,19,0.6501698545631285,33.42567223408442,5,0.5172573881365801,0.12856892346186757,0.5967090936467223,21.75330818019328
76,0.7330253283586049,RL-Adapt,18,0.8345084903283702,20.439299154633478,2,0.3957899185969905,0.0781332867835842,0.4870079702500423,18.989762810769747
76,0.7330253283586049,PBAT,23,0.5860585882483998,30.768637330703967,4,0.35841317268091544,0.03128227049125463,0.595109023515304,18.614930136331456
77,0.5179744067669628,IRT-3P,23,0.6257092008547535,32.55306616054083,5,0.7036838841694769,0.076048534092589,0.5865257231155281,28.699889126914062
77,0.5179744067669628,StaticQuiz,23,0.6325923825400601,29.642244375030657,5,0.806627772105099,0.0968957909807754,0.6810864718178823,27.236075044915243
77,0.5179744067669628,RL-Adapt,22,0.5769494534275564,26.902802719284274,5,0.5693641324744969,0.11040236459465107,0.7530730215452676,27.338202412154647
77,0.5179744067669628,PBAT,24,0.8371135771280641,25.845842690596154,2,0.38751141394906596,0.07737523502445887,0.7881556900695112,23.78696320943338
78,0.9626317988179578,IRT-3P,22,0.5807086819632855,20.540509895950866,2,0.5448056334165902,0.06732330629655865,0.6468383806031273,19.322900107429568
78,0.9626317988179578,StaticQuiz,22,0.6207678905328483,36.597924344511696,4,0.4349702324241231,0.09101954697757635,0.664030434775351,22.479967014529105
78,0.9626317988179578,RL-Adapt,22,0.6630784373359729,23.618705512119565,2,0.4332584317950401,0.0782133093158069,0.35233608167467945,23.59357718646363
78,0.9626317988179578,PBAT,22,0.770649053872164,27.626613751530144,2,0.35025377886363523,0.06677944478067088,0.7959441957272838,23.25798448020229
79,0.05836391972511401,IRT-3P,21,0.5080786670808962,32.686744090333164,3,0.6936037491027239,0.06255087592469043,0.519458994004178,26.84733047036188
79,0.05836391972511401,StaticQuiz,24,0.6126121997666149,31.350536021991413,2,0.6909528683164728,0.08481344482384628,0.5559803751921572,22.684171335783425
79,0.05836391972511401,RL-Adapt,18,0.6325729687593769,38.315785207132606,4,0.6286081923004263,0.10600924143481613,0.38503717690600686,28.88097899869383
79,0.05836391972511401,PBAT,21,0.6757047383743697,35.707193794523235,4,0.5150235810167544,0.06280650960000336,0.815512242649743,20.248458997119513
80,0.6979740698131006,IRT-3P,19,0.7777895683509503,38.231445071451695,5,0.5527509166002977,0.10905560519264276,0.5063994971072663,18.34977989181996
80,0.6979740698131006,StaticQuiz,21,0.6508348513459918,26.099051374594417,5,0.5849957642675732,0.06797606251166394,0.49361047683886106,24.509737821945855
80,0.6979740698131006,RL-Adapt,23,0.7284792697334068,26.294238953496958,2,0.4208170264023454,0.10698195338064756,0.4677378583535277,29.04676444584111
80,0.6979740698131006,PBAT,23,0.9428484143596303,35.91597909895319,2,0.44353614726836343,0.03391633845688764,0.7903408593098421,20.310061519776507
81,0.2961159431039725,IRT-3P,21,0.7707632935938225,36.92229328141674,4,0.6071391829647215,0.052187618211071415,0.41868061219656616,29.25675197272148
81,0.2961159431039725,StaticQuiz,21,0.6275407356523038,33.07142468502599,3,0.6289014812278308,0.10540007650907762,0.5146155866046811,27.023564168793058
81,0.2961159431039725,RL-Adapt,23,0.6393551319901525,29.9450358565027,3,0.6972943482830218,0.07881819943042233,0.4294582272432246,24.74182284598612
81,0.2961159431039725,PBAT,19,0.7409406981903508,24.92019206629835,3,0.4331885439183219,0.02273887421920931,0.5830813300362941,19.853910650170054
82,1.2867368542284963,IRT-3P,24,0.8452248600179179,22.04241509168369,5,0.6394587526952517,0.10532333998589724,0.4392121787810644,23.374228805474726
82,1.2867368542284963,StaticQuiz,19,0.45355561942960554,25.78868899464518,5,0.5615624497581341,0.07909766230541694,0.5080186428764396,27.209308859518185
82,1.2867368542284963,RL-Adapt,19,0.7088303212901353,29.027643387428768,5,0.37970847777880856,0.07700407079308647,0.4913023017450676,26.928938733381514
82,1.2867368542284963,PBAT,18,0.6831288929705299,35.55842214464712,3,0.20768245819642212,0.05387124484806044,0.5529601007917289,24.595159846824313
83,1.3221361866656112,IRT-3P,19,0.5611897110937893,39.490182726925084,2,0.6364856801852893,0.07868696056615673,0.4716669468042932,26.180198163871093
83,1.3221361866656112,StaticQuiz,19,0.5930888816669998,32.65053306652531,4,0.4873193812557845,0.06555108293960475,0.435992058082297,23.45052402738314
83,1.3221361866656112,RL-Adapt,24,0.6332929638711748,39.44478919610408,4,0.6329914986586173,0.1056830055746024,0.5633055656377582,22.103582385655923
83,1.3221361866656112,PBAT,23,0.769590540367544,38.81813960076683,3,0.2544526626386633,0.03218253693789132,0.8194531424210574,15.5532786887824
84,0.6881114677928335,IRT-3P,24,0.762853291442448,34.66637655048841,5,0.5421745511704509,0.06673047185984315,0.5633890316114045,28.367160498445806
84,0.6881114677928335,StaticQuiz,19,0.6181999922081789,23.724060057163292,3,0.6904563108282424,0.061494912463431334,0.46055800507109035,24.62972125819911
84,0.6881114677928335,RL-Adapt,21,0.7534648237315154,30.89688183233499,2,0.531940137357206,0.1145169008664157,0.6001872380845983,23.32600288434216
84,0.6881114677928335,PBAT,24,0.7029202625310462,30.604569924586215,2,0.4948378138916047,0.05491195518604261,0.6518408675553138,14.55477864781123
85,1.3398859602934707,IRT-3P,23,0.7210589177991557,35.22963752703703,3,0.6790154000743507,0.06067713011301323,0.4399143465696197,24.692370913461083
85,1.3398859602934707,StaticQuiz,19,0.5300046471325843,38.101748180766634,5,0.6428278326091477,0.06932248952999898,0.5853877627105707,22.25718679871905
85,1.3398859602934707,RL-Adapt,21,0.6942449762791382,39.466809155639545,4,0.7149782656659853,0.049940333111717694,0.6592849750447353,22.242164104246427
85,1.3398859602934707,PBAT,23,0.561539345040934,23.150058044503194,5,0.33214936500627584,0.0,0.7325943190460459,19.862814588360582
86,1.93420363964229,IRT-3P,24,0.6791325710055472,37.63533029527055,2,0.797444344211097,0.11638339678771234,0.448222411311318,25.966382828905903
86,1.93420363964229,StaticQuiz,21,0.6193532976660584,26.932835174595866,2,0.4583493154868802,0.11473973629033551,0.6547855938202592,21.661790063899073
86,1.93420363964229,RL-Adapt,23,0.5894173391673764,33.21216839781712,3,0.546695444563798,0.10145451579936549,0.592527279813014,22.99894683121618
86,1.93420363964229,PBAT,20,0.49650612997730137,26.458815350029276,5,0.497940895682355,0.07847021650620165,0.6766267163949194,15.295566667110487
87,0.9914827254026597,IRT-3P,23,0.6694687436404421,20.583262573599292,4,0.5122119543006449,0.09272982594224197,0.5451336425485357,27.097581354954464
87,0.9914827254026597,StaticQuiz,18,0.5725221110723917,24.220457089742,4,0.703981299709044,0.10573017424697725,0.6207823064512902,26.265930692633408
87,0.9914827254026597,RL-Adapt,22,0.6422449370512956,26.77347812760485,3,0.5378856158027789,0.09639179525355611,0.4231385469660228,27.176506678971048
87,0.9914827254026597,PBAT,21,0.8242795965225729,32.49455907101186,4,0.3598689998838909,0.054267499829865486,0.7541614488788324,16.325508446362274
88,0.7618885622618903,IRT-3P,22,0.7359990540856111,36.420987467221195,3,0.6546840607374759,0.12439392310831587,0.41287675629370024,27.08253452421362
88,0.7618885622618903,StaticQuiz,21,0.55381716930607,36.029849313113445,4,0.722311419234443,0.09613382492814787,0.7612634620390755,25.21646595060596
88,0.7618885622618903,RL-Adapt,22,0.7058813099867692,23.15838737670929,4,0.639642859653582,0.06619052625764436,0.6563015655904132,27.148466017225175
88,0.7618885622618903,PBAT,24,0.6486916241151013,21.696263780713267,4,0.48331310132991906,0.023263171109444602,0.5596881224471654,21.338744804012624
89,0.6586188774510512,IRT-3P,20,0.678738238399008,30.08994576769009,2,0.6929813263521518,0.08621536038928812,0.4374718504992634,26.230186400104266
89,0.6586188774510512,StaticQuiz,22,0.4350800762575764,20.61723216970997,5,0.6682058442424036,0.08611138463198785,0.5147835450079413,26.998110940316884
89,0.6586188774510512,RL-Adapt,23,0.687609538717366,31.173482512742922,4,0.6294327936012658,0.09614265988042456,0.40962990217103307,28.092629617026454
89,0.6586188774510512,PBAT,24,0.7799203317916358,35.19169811605472,5,0.5218429391978368,0.06913792693357494,0.6674532373674881,16.347946060412163
90,1.4026278660768658,IRT-3P,24,0.42696646972860686,39.08071431948084,4,0.5171828968253362,0.08599410751400201,0.46383953096525404,29.286909517064213
90,1.4026278660768658,StaticQuiz,23,0.6952261127618122,36.83855539108471,3,0.5698404019044739,0.05196074813907886,0.4965002257476206,24.434245991614066
90,1.4026278660768658,RL-Adapt,21,0.6870876241295493,23.126497737325465,5,0.6964268090005732,0.10291513087780826,0.45665059200609676,21.865886008501047
90,1.4026278660768658,PBAT,23,0.6259860220982575,39.64046233080259,5,0.4412963175224272,0.04899658760829096,0.8513776871924771,20.19393286267217
91,1.2073435682347957,IRT-3P,21,0.5298648739312875,34.381175802985794,2,0.507440469839367,0.10476067399785284,0.4647323499053324,27.116051517642898
91,1.2073435682347957,StaticQuiz,19,0.6049719899277055,33.94513527913111,3,0.7678710348231765,0.10996606407648621,0.3834282936348279,26.641352376156338
91,1.2073435682347957,RL-Adapt,22,0.6252912234453623,35.75831925733061,2,0.6813025236618995,0.04412770031439026,0.6212877760895019,25.074402418467795
91,1.2073435682347957,PBAT,23,0.6130215593618507,33.441438707937195,3,0.3558541120560289,0.038363547367173345,0.7621193731768042,19.788352725717832
92,1.1267758586039267,IRT-3P,19,0.7252857630621163,23.83100443147666,5,0.5913864302595372,0.09545259571901425,0.4702057077003291,24.77480026506029
92,1.1267758586039267,StaticQuiz,23,0.5843173681742321,23.34252030539285,4,0.5508775918178764,0.059922936467059276,0.5243457094080353,34.996743696629494
92,1.1267758586039267,RL-Adapt,19,0.4576071203625899,25.67523560936114,2,0.5281377224863325,0.06937842954949197,0.5512774319383477,24.771299193222518
92,1.1267758586039267,PBAT,18,0.7170543391900422,28.365564349275108,3,0.42918755777920564,0.04034520669247258,0.7929585987168812,18.796635092464477
93,0.784769832161836,IRT-3P,24,0.7160714375230253,21.6493173668924,5,0.6051671918168617,0.10444278656583014,0.3909715764266008,26.470134028879727
93,0.784769832161836,StaticQuiz,24,0.8711145113095201,32.591201086204244,2,0.7673101580025979,0.09185341633061948,0.5991718762558099,28.011799144880797
93,0.784769832161836,RL-Adapt,19,0.6544061599450081,39.433176760284894,2,0.5819840823266449,0.08311915804759454,0.7460926950096044,20.756534400678895
93,0.784769832161836,PBAT,21,0.7567418172997987,29.992226847203106,5,0.38600245193809324,0.07010699696390237,0.6356382477058456,16.17308548218294
94,1.481066480765129,IRT-3P,21,0.6886681920020746,21.671043412087027,3,0.4945969646763283,0.10561479696210438,0.39990679484752417,26.95895145834705
94,1.481066480765129,StaticQuiz,20,0.5696385622846419,27.918055304007332,4,0.4475683540399399,0.09009797079028214,0.47609585972976765,25.70723055209765
94,1.481066480765129,RL-Adapt,20,0.7414174836458586,31.609250460332422,4,0.4409321387362516,0.12056843333087836,0.33277111714742813,27.298929215267048
94,1.481066480765129,PBAT,21,0.7032089691274689,33.12469667226488,4,0.505222887425727,0.0728252929162426,0.6190616653549442,21.882498563508047
95,0.8568435292412296,IRT-3P,24,0.6647790056786053,23.849228514071527,3,0.5749695058175825,0.10872855498968455,0.5991415492989164,26.885843681910384
95,0.8568435292412296,StaticQuiz,21,0.6418148776272096,24.8574863969316,5,0.6803313199521872,0.10461669533197622,0.7388856386246588,22.46465015125968
95,0.8568435292412296,RL-Adapt,18,0.6755996316016112,33.65725340086405,5,0.8263135836364656,0.09994091143001912,0.636796662995506,21.098181387721844
95,0.8568435292412296,PBAT,21,0.7630133816086981,37.37749346109684,5,0.2728759976857052,0.04104133848851336,0.8067108828709783,16.25048870556484
96,1.0871083380161215,IRT-3P,20,0.588560793098978,21.14185753431752,3,0.5580435706562008,0.08204272829819172,0.6005388087967649,23.234907286330017
96,1.0871083380161215,StaticQuiz,24,0.6541270028644398,37.242679576122,4,0.6934136539627489,0.06342450770748363,0.5436611100939076,28.108832526774002
96,1.0871083380161215,RL-Adapt,21,0.6095014053588098,31.183208592594355,2,0.7068014399383457,0.10616726693685605,0.5972630485844419,22.808279261507305
96,1.0871083380161215,PBAT,18,0.6733602345779827,26.44575150800103,5,0.4913537280946638,0.05469449377797536,0.546700327126357,18.56746076367752
97,0.7849638661573576,IRT-3P,20,0.700215849963399,30.79368379918262,5,0.7323419178433956,0.08023724979055954,0.4116245754320532,30.317089648350702
97,0.7849638661573576,StaticQuiz,20,0.9183362086065996,31.56575059179042,5,0.7524463057543866,0.07292933149748007,0.6521398694912306,26.50816969651646
97,0.7849638661573576,RL-Adapt,23,0.8170535065241549,29.748017761416403,4,0.6501531372879652,0.11233087414777826,0.44310339639484786,23.892815467565082
97,0.7849638661573576,PBAT,20,0.9234458669116274,39.405859123331595,4,0.510195776674335,0.024455882081173067,0.6710819513246693,20.89185755781185
98,1.4770369794988432,IRT-3P,21,0.5647271621379735,27.027167513032424,2,0.5723122221903739,0.08760752029868978,0.34600049001780453,24.536180824343536
98,1.4770369794988432,StaticQuiz,19,0.6867165938707449,23.52858533950277,4,0.6176232661001143,0.10278608541530745,0.35135734084932385,29.16360610995119
98,1.4770369794988432,RL-Adapt,21,0.48929285140055345,23.918076632789017,4,0.47711250340784284,0.06751903867173538,0.5183773125154738,23.203997433763174
98,1.4770369794988432,PBAT,19,0.6461838755257306,29.529983784113586,3,0.4072108750519137,0.05838997958354787,0.6550682671730249,18.571443380445487
99,0.5608411139450966,IRT-3P,22,0.5925491609195448,34.625525710199376,5,0.5705563188157504,0.10721693089099577,0.4506187937359103,21.583214289784383
99,0.5608411139450966,StaticQuiz,24,0.7500083170187584,25.248569793645977,2,0.5512041994555236,0.10077676322584914,0.6007393770613512,21.012988861749236
99,0.5608411139450966,RL-Adapt,18,0.46334715439739727,39.025576673860996,4,0.5925806548399506,0.1122784266973775,0.30618061555436304,21.898235763161566
99,0.5608411139450966,PBAT,20,0.8511896574241399,36.74123383985176,5,0.48077498622721715,0.07747373645296451,0.7795057747242323,18.197818100559395
100,1.2026087616796746,IRT-3P,22,0.7336205910212139,36.59065323171788,3,0.5513966780706462,0.09942414440795513,0.5542221429365515,25.687448790290397
100,1.2026087616796746,StaticQuiz,22,0.5537836322380029,20.55758052276223,5,0.5013680119810145,0.09620922676150691,0.4939399141603022,22.618029523215466
100,1.2026087616796746,RL-Adapt,19,0.8559437342184202,28.009468916389753,3,0.5862872384849757,0.09645275263408842,0.3360331437856749,25.17926431721882
100,1.2026087616796746,PBAT,21,0.9540560241550604,36.792967090347176,5,0.5430719121990345,0.051861969565244394,0.797398433673825,16.63296237476715
